{
  "passages": [],
  "word_sets": [
    {
      "id": "f3e13e55-6d0f-428d-aced-d1191204bd79",
      "words": [
        "River",
        "Ramayan",
        "Bauni",
        "Baunasur",
        "Kolkata",
        "Saltlake",
        "Pigasur",
        "Deoghar",
        "Yamuna",
        "Greatness",
        "Tusigreat",
        "Ramukaka",
        "Hellobhaiya",
        "Howare",
        "Howareu",
        "Howrah",
        "Sloth",
        "Hathi",
        "Dingdong",
        "Yoyohoneysingh"
      ],
      "added_by": "Admin",
      "added_role": "doctor",
      "created_at": "2026-02-23T20:46:30.584935"
    }
  ]
}